{"comment": "Data source: Yeh, J.J. and Lindau, I. (1985) ",
 "comment": "Atomic Data and Nuclear Data Tables 32 pp 1-155",
 "comment": "Photoionization cross sections in Barns, within dipole",
 "comment": "length approximation from Hartree-Fock calculations",
 "comment": "with Manson-Cooper approximation of excited states.",
 "comment": "Limited here to levels closest to valence band;",
 "comment": "to use core levels with Galore notate them 1s, 2s etc.",
 "comment": "Values were divided through by electrons per shell to yield per-electron weighting.",
 "comment": "These values are for 8047.8 eV photons (i.e. HAXPES)",
    "Ac": {
        "d": 1.2e-06,
        "f": 0.00012142857142857142,
        "p": 4.6666666666666665e-05,
        "s": 5e-06
    },
    "Ag": {
        "d": 9.100000000000001e-06,
        "f": null,
        "p": 9.333333333333333e-05,
        "s": 6.5e-06
    },
    "Al": {
        "d": null,
        "f": null,
        "p": 1.6333333333333334e-08,
        "s": 6e-06
    },
    "Am": {
        "d": 0.00023,
        "f": 1.4285714285714287e-05,
        "p": 6.666666666666667e-05,
        "s": 5e-06
    },
    "Ar": {
        "d": null,
        "f": null,
        "p": 3.1666666666666667e-06,
        "s": 2.95e-05
    },
    "As": {
        "d": 3.6999999999999997e-06,
        "f": null,
        "p": 2.8333333333333335e-06,
        "s": 3.25e-05
    },
    "At": {
        "d": 9.7e-05,
        "f": 7.142857142857143e-05,
        "p": 2e-05,
        "s": 3.9e-05
    },
    "Au": {
        "d": 5e-05,
        "f": 3.714285714285714e-05,
        "p": 0.000145,
        "s": 1e-05
    },
    "B": {
        "d": null,
        "f": null,
        "p": 3e-08,
        "s": 7e-07
    },
    "Ba": {
        "d": 4.9e-05,
        "f": null,
        "p": 3.6666666666666666e-05,
        "s": 9.5e-06
    },
    "Be": {
        "d": null,
        "f": null,
        "p": null,
        "s": 2.15e-08
    },
    "Bi": {
        "d": 8e-05,
        "f": 6.071428571428571e-05,
        "p": 1.2666666666666667e-05,
        "s": 3.45e-05
    },
    "Bk": {
        "d": 2.2e-06,
        "f": 2.0714285714285715e-05,
        "p": 7.000000000000001e-05,
        "s": 1.35e-05
    },
    "Br": {
        "d": 7.2999999999999996e-06,
        "f": null,
        "p": 1.15e-05,
        "s": 4.55e-05
    },
    "C": {
        "d": null,
        "f": null,
        "p": 1.0666666666666667e-06,
        "s": 2.95e-06
    },
    "Ca": {
        "d": null,
        "f": null,
        "p": 6e-06,
        "s": 4.45e-06
    },
    "Cd": {
        "d": 1.3999999999999998e-05,
        "f": null,
        "p": 9.999999999999999e-05,
        "s": 2.05e-05
    },
    "Ce": {
        "d": 6.6e-05,
        "f": 1.7857142857142858e-07,
        "p": 3.6666666666666666e-05,
        "s": 1e-05
    },
    "Cf": {
        "d": 2.5999999999999997e-06,
        "f": 2.7857142857142858e-05,
        "p": 7.333333333333333e-05,
        "s": 9.5e-06
    },
    "Cl": {
        "d": null,
        "f": null,
        "p": 1.0666666666666667e-06,
        "s": 2.75e-05
    },
    "Cm": {
        "d": 2.5e-06,
        "f": 1.5714285714285715e-05,
        "p": 7.000000000000001e-05,
        "s": 1.25e-05
    },
    "Co": {
        "d": 5.4e-07,
        "f": null,
        "p": 3e-05,
        "s": 9e-06
    },
    "Cr": {
        "d": 1.2e-07,
        "f": null,
        "p": 1.55e-05,
        "s": 1.8e-06
    },
    "Cs": {
        "d": 4.2000000000000004e-05,
        "f": null,
        "p": 2.8333333333333335e-05,
        "s": 5e-05
    },
    "Cu": {
        "d": 3.2000000000000005e-05,
        "f": null,
        "p": 4.5e-05,
        "s": 4.95e-06
    },
    "Dy": {
        "d": 0.00014,
        "f": 4.071428571428572e-06,
        "p": 6e-05,
        "s": 1.2e-05
    },
    "Er": {
        "d": 0.00016999999999999999,
        "f": 5.5e-06,
        "p": 6e-05,
        "s": 1e-05
    },
    "Es": {
        "d": 3.2e-06,
        "f": 3.357142857142857e-05,
        "p": 7.166666666666667e-05,
        "s": 1.1e-05
    },
    "Eu": {
        "d": 0.0001,
        "f": 1.2142857142857142e-06,
        "p": 4.6666666666666665e-05,
        "s": 5.5e-06
    },
    "F": {
        "d": null,
        "f": null,
        "p": 1.2666666666666666e-07,
        "s": 1e-05
    },
    "Fe": {
        "d": 1.1e-07,
        "f": null,
        "p": 2.666666666666667e-05,
        "s": 7e-06
    },
    "Fm": {
        "d": 3e-06,
        "f": 4.214285714285714e-05,
        "p": 7.5e-05,
        "s": 6e-06
    },
    "Fr": {
        "d": 0.00011999999999999999,
        "f": 9.285714285714286e-05,
        "p": 4e-05,
        "s": 5e-05
    },
    "Ga": {
        "d": 1.7e-06,
        "f": null,
        "p": 6.5e-05,
        "s": 1.7e-05
    },
    "Gd": {
        "d": 1.1e-06,
        "f": 2e-06,
        "p": 5.666666666666667e-05,
        "s": 1.3e-05
    },
    "Ge": {
        "d": 2.8e-06,
        "f": null,
        "p": 1.15e-06,
        "s": 2.3e-05
    },
    "H": {
        "d": null,
        "f": null,
        "p": null,
        "s": 1.05e-07
    },
    "He": {
        "d": null,
        "f": null,
        "p": null,
        "s": 1.2e-07
    },
    "Hf": {
        "d": 3.3e-06,
        "f": 1.1428571428571429e-05,
        "p": 8.666666666666665e-05,
        "s": 1.1e-05
    },
    "Hg": {
        "d": 5.4e-05,
        "f": 4.142857142857143e-05,
        "p": 0.000155,
        "s": 1.75e-05
    },
    "Ho": {
        "d": 0.00016,
        "f": 4.714285714285715e-06,
        "p": 6.166666666666667e-05,
        "s": 8e-06
    },
    "I": {
        "d": 3.2000000000000005e-05,
        "f": null,
        "p": 1.55e-05,
        "s": 4.1e-05
    },
    "In": {
        "d": 1.6000000000000003e-05,
        "f": null,
        "p": 0.00011666666666666667,
        "s": 2.65e-05
    },
    "Ir": {
        "d": 2.5e-05,
        "f": 2.7857142857142858e-05,
        "p": 0.00012833333333333333,
        "s": 1.35e-05
    },
    "K": {
        "d": null,
        "f": null,
        "p": 4e-06,
        "s": 4.25e-05
    },
    "Kr": {
        "d": 8.2e-06,
        "f": null,
        "p": 1.5166666666666667e-05,
        "s": 5e-05
    },
    "La": {
        "d": 5.900000000000001e-07,
        "f": null,
        "p": 3.5000000000000004e-05,
        "s": 7.5e-06
    },
    "Li": {
        "d": null,
        "f": null,
        "p": null,
        "s": 1.3e-07
    },
    "Lr": {
        "d": 3.2e-06,
        "f": 7.071428571428571e-05,
        "p": 8.666666666666665e-05,
        "s": 7e-06
    },
    "Lu": {
        "d": 1.7e-06,
        "f": 1.0714285714285714e-05,
        "p": 7.833333333333333e-05,
        "s": 1.3e-05
    },
    "Md": {
        "d": 2.5e-06,
        "f": 5.0714285714285716e-05,
        "p": 8.166666666666667e-05,
        "s": 1.5e-05
    },
    "Mg": {
        "d": null,
        "f": null,
        "p": 2.1666666666666665e-06,
        "s": 4.95e-06
    },
    "Mn": {
        "d": 2e-07,
        "f": null,
        "p": 2e-05,
        "s": 7e-06
    },
    "Mo": {
        "d": 1.8000000000000001e-06,
        "f": null,
        "p": 4.8333333333333334e-05,
        "s": 6e-06
    },
    "N": {
        "d": null,
        "f": null,
        "p": 1.2833333333333333e-07,
        "s": 3.7e-06
    },
    "Na": {
        "d": null,
        "f": null,
        "p": 1.1333333333333334e-06,
        "s": 1.6e-06
    },
    "Nb": {
        "d": 1.0000000000000002e-06,
        "f": null,
        "p": 4e-05,
        "s": 3.85e-06
    },
    "Nd": {
        "d": 8.2e-05,
        "f": 3.2857142857142857e-07,
        "p": 4.6666666666666665e-05,
        "s": 8e-06
    },
    "Ne": {
        "d": null,
        "f": null,
        "p": 4.833333333333334e-07,
        "s": 1.9e-05
    },
    "Ni": {
        "d": 2.0000000000000003e-06,
        "f": null,
        "p": 3.8333333333333334e-05,
        "s": 1.6e-05
    },
    "No": {
        "d": 2.9e-06,
        "f": 5.857142857142857e-05,
        "p": 8.5e-05,
        "s": 1.85e-05
    },