{"comment": "Data source: Yeh, J.J. and Lindau, I. (1985) ",
 "comment": "Atomic Data and Nuclear Data Tables 32 pp 1-155",
 "comment": "Photoionization cross sections in Barns, within dipole",
 "comment": "length approximation from Hartree-Fock calculations",
 "comment": "with Manson-Cooper approximation of excited states.",
 "comment": "Limited here to levels immediately below valence band;",
 "comment": "to use core levels with Galore notate them 1s, 2s etc.",
 "comment": "Values were divided through by electrons per shell to yield per-electron weighting.",
 "comment": "These values are for 1486.6 eV photons (i.e. Al Kalpha)",
    "Ac": {
        "d": 7.2e-05,
        "f": 0.04152857142857143,
        "p": 0.0012,
        "s": 0.00014
    },
    "Ag": {
        "d": 0.0021000000000000003,
        "f": null,
        "p": 0.0045,
        "s": 0.000145
    },
    "Al": {
        "d": null,
        "f": null,
        "p": 9.833333333333333e-06,
        "s": 0.00039
    },
    "Am": {
        "d": 0.0094,
        "f": 0.002785714285714286,
        "p": 0.0013666666666666669,
        "s": 0.000115
    },
    "Ar": {
        "d": null,
        "f": null,
        "p": 0.0005666666666666666,
        "s": 0.0015
    },
    "As": {
        "d": 0.0025,
        "f": null,
        "p": 0.0002833333333333333,
        "s": 0.0009
    },
    "At": {
        "d": 0.0052,
        "f": 0.03065714285714286,
        "p": 0.0005166666666666667,
        "s": 0.0008
    },
    "Au": {
        "d": 0.0026,
        "f": 0.017935714285714284,
        "p": 0.0036666666666666666,
        "s": 0.000145
    },
    "B": {
        "d": null,
        "f": null,
        "p": 3e-08,
        "s": 0.00014
    },
    "Ba": {
        "d": 0.008,
        "f": null,
        "p": 0.0013499999999999999,
        "s": 0.000115
    },
    "Be": {
        "d": null,
        "f": null,
        "p": null,
        "s": 4.35e-05
    },
    "Bi": {
        "d": 0.0043,
        "f": 0.025942857142857146,
        "p": 0.00023333333333333333,
        "s": 0.00065
    },
    "Bk": {
        "d": 8.3e-05,
        "f": 0.003857142857142857,
        "p": 0.00155,
        "s": 0.00017
    },
    "Br": {
        "d": 0.0039,
        "f": null,
        "p": 0.0007499999999999999,
        "s": 0.00125
    },
    "C": {
        "d": null,
        "f": null,
        "p": 1.6666666666666669e-06,
        "s": 0.00033
    },
    "Ca": {
        "d": null,
        "f": null,
        "p": 0.00115,
        "s": 0.000155
    },
    "Cd": {
        "d": 0.0026,
        "f": null,
        "p": 0.005,
        "s": 0.00035
    },
    "Ce": {
        "d": 0.0095,
        "f": 0.00015714285714285716,
        "p": 0.0014833333333333332,
        "s": 0.000155
    },
    "Cf": {
        "d": 8.6e-05,
        "f": 0.004714285714285714,
        "p": 0.0015833333333333333,
        "s": 0.00018
    },
    "Cl": {
        "d": null,
        "f": null,
        "p": 0.00031666666666666665,
        "s": 0.00125
    },
    "Cm": {
        "d": 8e-05,
        "f": 0.0031428571428571426,
        "p": 0.0015166666666666668,
        "s": 0.000155
    },
    "Co": {
        "d": 0.00037,
        "f": null,
        "p": 0.004333333333333333,
        "s": 0.000355
    },
    "Cr": {
        "d": 8.8e-05,
        "f": null,
        "p": 0.0025,
        "s": 9e-05
    },
    "Cs": {
        "d": 0.0072,
        "f": null,
        "p": 0.0011333333333333332,
        "s": 0.00125
    },
    "Cu": {
        "d": 0.0012000000000000001,
        "f": null,
        "p": 0.0055000000000000005,
        "s": 0.000135
    },
    "Dy": {
        "d": 0.0156,
        "f": 0.0026428571428571425,
        "p": 0.0018333333333333333,
        "s": 0.000155
    },
    "Er": {
        "d": 0.01721,
        "f": 0.004,
        "p": 0.0018333333333333333,
        "s": 0.000155
    },
    "Es": {
        "d": 8.8e-05,
        "f": 0.005571428571428572,
        "p": 0.0016333333333333332,
        "s": 0.00019
    },
    "Eu": {
        "d": 0.01326,
        "f": 0.0012142857142857144,
        "p": 0.0016666666666666668,
        "s": 0.000175
    },
    "F": {
        "d": null,
        "f": null,
        "p": 0.00011333333333333334,
        "s": 0.0014
    },
    "Fe": {
        "d": 0.00022,
        "f": null,
        "p": 0.0036666666666666666,
        "s": 0.00035
    },
    "Fm": {
        "d": 8.8e-05,
        "f": 0.006571428571428571,
        "p": 0.0016500000000000002,
        "s": 0.00014
    },
    "Fr": {
        "d": 0.0060999999999999995,
        "f": 0.03586428571428572,
        "p": 0.0008666666666666666,
        "s": 0.0011
    },
    "Ga": {
        "d": 0.0014,
        "f": null,
        "p": 0.007166666666666666,
        "s": 0.0006
    },
    "Gd": {
        "d": 9.4e-05,
        "f": 0.0015,
        "p": 0.0018333333333333333,
        "s": 0.000215
    },
    "Ge": {
        "d": 0.0019,
        "f": null,
        "p": 0.00012333333333333334,
        "s": 0.00075
    },
    "H": {
        "d": null,
        "f": null,
        "p": null,
        "s": 1e-07
    },
    "He": {
        "d": null,
        "f": null,
        "p": null,
        "s": 5.5e-05
    },
    "Hf": {
        "d": 0.00023999999999999998,
        "f": 0.007914285714285714,
        "p": 0.0023333333333333335,
        "s": 0.000235
    },
    "Hg": {
        "d": 0.003,
        "f": 0.019764285714285713,
        "p": 0.004,
        "s": 0.00035
    },
    "Ho": {
        "d": 0.01646,
        "f": 0.0032857142857142855,
        "p": 0.0018333333333333333,
        "s": 0.000135
    },
    "I": {
        "d": 0.0056,
        "f": null,
        "p": 0.0006333333333333333,
        "s": 0.00095
    },
    "In": {
        "d": 0.0031,
        "f": null,
        "p": 0.005333333333333333,
        "s": 0.0005
    },
    "Ir": {
        "d": 0.02043,
        "f": 0.001142857142857143,
        "p": 0.0033333333333333335,
        "s": 0.00029
    },
    "K": {
        "d": null,
        "f": null,
        "p": 0.0008166666666666666,
        "s": 0.0019
    },
    "Kr": {
        "d": 0.0047,
        "f": null,
        "p": 0.00105,
        "s": 0.00145
    },
    "La": {
        "d": 7.6e-05,
        "f": null,
        "p": 0.00155,
        "s": 0.000145
    },
    "Li": {
        "d": null,
        "f": null,
        "p": null,
        "s": 0.000395
    },
    "Lr": {
        "d": 8.3e-05,
        "f": 0.009992857142857142,
        "p": 0.0016666666666666668,
        "s": 0.000165
    },
    "Lu": {
        "d": 9.7e-05,
        "f": 0.006857142857142858,
        "p": 0.0021666666666666666,
        "s": 0.00023
    },
    "Md": {
        "d": 8.099999999999999e-05,
        "f": 0.007635714285714286,
        "p": 0.0016666666666666668,
        "s": 0.000135
    },
    "Mg": {
        "d": null,
        "f": null,
        "p": 0.0007666666666666667,
        "s": 0.00019
    },
    "Mn": {
        "d": 0.00014,
        "f": null,
        "p": 0.0031666666666666666,
        "s": 0.00029
    },
    "Mo": {
        "d": 0.00046,
        "f": null,
        "p": 0.0028333333333333335,
        "s": 0.000115
    },
    "N": {
        "d": null,
        "f": null,
        "p": 1.2e-05,
        "s": 0.00055
    },
    "Na": {
        "d": null,
        "f": null,
        "p": 0.0004166666666666667,
        "s": 4.85e-05
    },
    "Nb": {
        "d": 0.00026,
        "f": null,
        "p": 0.0025,
        "s": 9e-05
    },
    "Nd": {
        "d": 0.01103,
        "f": 0.00045,
        "p": 0.0016166666666666666,
        "s": 0.00017
    },
    "Ne": {
        "d": null,
        "f": null,
        "p": 0.00021666666666666666,
        "s": 0.002
    },
    "Ni": {
        "d": 0.00059,
        "f": null,
        "p": 0.004833333333333334,
        "s": 0.000415
    },
    "No": {
        "d": 8.2e-05,
        "f": 0.008778571428571429,
        "p": 0.0016666666666666668,
        "s": 0.00014
    },
    "Np": {
        "d": 7.4e-05,
        "f": 0.0013571428571428571,
        "p": 0.0014,